categorie,tag,article,questions,reponses,,
droit_travail,formation_professionnelle,10,Quel type de contrat est institué pour favoriser l'emploi ?,Il est institué un contrat de stage en vue de favoriser la promotion de l’emploi et de la formation professionnelle.,,
droit_travail,formation_professionnelle,10,Quel est l'objectif du contrat de stage ?,Le contrat de stage a pour objectif de favoriser la promotion de l’emploi et de la formation professionnelle.,,
droit_travail,formation_professionnelle,10,Quel contrat vise à promouvoir la formation professionnelle ?,Il est institué un contrat de stage en vue de favoriser la promotion de l’emploi et de la formation professionnelle.,,
droit_travail,formation_professionnelle,10,Quelle mesure est mise en place pour aider à l'insertion professionnelle ?,Il est institué un contrat de stage en vue de favoriser la promotion de l’emploi et de la formation professionnelle.,,
droit_travail,contrat_stage,11,Qu'est-ce qu'un contrat de stage ?,"Le contrat de stage est une convention par laquelle, un maître de stage s’engage à donner ou à faire donner à une personne appelée stagiaire, une formation professionnelle pratique.",,
droit_travail,contrat_stage,11,Quel est le rôle du maître de stage dans un contrat de stage ?,"Un maître de stage s’engage à donner ou à faire donner à une personne appelée stagiaire, une formation professionnelle pratique.",,
droit_travail,contrat_stage,11,Quel est l'objectif principal du contrat de stage pour le stagiaire ?,Le contrat de stage a pour objet de faire acquérir au stagiaire une expérience et des aptitudes professionnelles.,,
droit_travail,contrat_stage,11,Comment le contrat de stage aide-t-il le stagiaire à acquérir de l'expérience ?,Le contrat de stage a pour objectif de faciliter l'accès du stagiaire à un emploi et son insertion dans la vie professionnelle.,,
droit_travail,contrat_stage,11,Quel type de formation est prévu par le contrat de stage ?,Le contrat de stage prévoit une formation professionnelle pratique.,,
droit_travail,contrat_stage,12,Quand doit être conclu le contrat de stage ?,Le contrat de stage est conclu impérativement avant l’entrée du stagiaire dans l’entreprise.,,
droit_travail,contrat_stage,12,Quel est le format requis pour le contrat de stage ?,Le contrat de stage est constaté par écrit dans la langue officielle sous peine de nullité.,,
droit_travail,contrat_stage,12,Y a-t-il des droits de timbre ou d'enregistrement pour un contrat de stage ?,Le contrat de stage est exempt de tous droits de timbre et d’enregistrement.,,
droit_travail,contrat_stage,12,Qui est responsable de la réglementation des conditions du contrat de stage ?,"Les autres conditions de forme et de fond, les obligations des parties et les effets du contrat de stage sont réglés par voie réglementaire par le ministre chargé du travail après avis de la commission consultative du travail.",,
droit_travail,contrat_apprentissage,13,Qu'est-ce qu'un contrat d'apprentissage ?,"Le contrat d’apprentissage est le contrat par lequel une personne, appelée maître, s’oblige à donner ou à faire donner une formation professionnelle méthodique et complète à une autre personne appelée apprenti.",,
droit_travail,contrat_apprentissage,13,Qui est le maître dans un contrat d'apprentissage ?,Le maître est la personne qui s’oblige à donner ou à faire donner une formation professionnelle méthodique et complète à l'apprenti.,,
droit_travail,contrat_apprentissage,13,Quelles sont les obligations de l'apprenti dans un contrat d'apprentissage ?,L’apprenti doit se conformer aux instructions qu’il reçoit et exécuter les ouvrages qui lui sont confiés dans le cadre de son apprentissage.,,
droit_travail,contrat_apprentissage,13,Quelles sont les conditions de validité d'un contrat d'apprentissage ?,"Le contrat d’apprentissage doit être constaté par écrit, sous peine de nullité. Il est exempt de tous droits de timbre et d’enregistrement.",,
droit_travail,contrat_apprentissage,13,Dans quelle langue le contrat d'apprentissage doit-il être rédigé ?,Il est rédigé en langue officielle et si possible dans la langue de l’apprenti.,,
droit_travail,CDD,49,Qu'est-ce qu'un contrat de travail à durée déterminée (CDD) ?,Le contrat de travail à durée déterminée est un contrat dont le terme est précisé à l'avance par la volonté des deux parties.,,
droit_travail,CDD,49,Qu'est-ce qui est assimilé à un contrat de travail à durée déterminée ?,Sont assimilés à un CDD : le contrat conclu pour l'exécution d'un ouvrage déterminé ou pour la réalisation d'une entreprise dont la durée ne peut être préalablement évaluée.,,
droit_travail,CDD,49,Le contrat de travail à durée déterminée peut-il être subordonné à un événement futur ?,"Oui, le CDD peut être subordonné à la survenance d'un événement futur et certain, même si la date de cet événement n'est pas connue avec précision.",,
droit_travail,CDD,49,Quelle est la différence entre un contrat de travail à durée déterminée et un contrat à terme imprécis ?,"Un CDD a un terme précisé à l'avance, tandis qu'un contrat à terme imprécis dépend de la survenance d'un événement futur dont la date n'est pas exactement connue.",,
droit_travail,CDD,49,Un CDD peut-il être conclu pour une tâche dont la durée ne peut être déterminée à l'avance ?,"Oui, un contrat de travail peut être conclu pour l'exécution d'un ouvrage ou d'une entreprise dont la durée ne peut être évaluée avec précision.",,
droit_travail,CDD,50,Qu'est-ce qu'un contrat de travail saisonnier selon la législation du travail ?,"Le contrat de travail saisonnier est un contrat à durée déterminée dans lequel le travailleur s'engage pour la durée d'une campagne agricole, commerciale, industrielle ou artisanale, et dont le terme est indépendant de la volonté des parties.",,
droit_travail,CDD,50,À quelle condition le contrat de travail saisonnier prend-il fin selon la législation ?,"Le contrat de travail saisonnier prend fin dès la fin de la campagne pour laquelle il a été conclu, même si la fin de cette campagne ne dépend pas de la volonté des parties.",,
droit_travail,CDD,50,Que se passe-t-il pour le travailleur à la fin de la campagne d’un contrat saisonnier ?,"Une fois la campagne terminée, le contrat de travail saisonnier prend fin, mais à la reprise des activités, l'employeur doit, en priorité et en fonction de ses besoins, réembaucher les travailleurs disponibles après la morte-saison.",,
droit_travail,CDD,50,Quelles sont les obligations de l'employeur à la reprise des activités après la fin d'une campagne saisonnière ?,"L'employeur est tenu de reprendre en priorité les travailleurs disponibles après la morte-saison, en fonction de ses besoins, mais il n'a pas l'obligation absolue de réembaucher les mêmes travailleurs.",,
droit_travail,CDD,50,Qu'advient-il d’un contrat de travail saisonnier qui se poursuit au-delà de la durée prévue pour la campagne ?,"Si le contrat de travail saisonnier se poursuit au-delà de la campagne pour laquelle il a été conclu, il se transforme automatiquement en contrat de travail à durée indéterminée (CDI), sauf dispositions contraires.",,
droit_travail,CDD,51,Le travailleur saisonnier a-t-il droit à une indemnité à la fin de son contrat ?,"Oui, le travailleur saisonnier a droit à une indemnité de fin de contrat, calculée sur les mêmes bases que l’indemnité de licenciement, sous certaines conditions.",,
droit_travail,CDD,51,Quelles sont les conditions pour qu'un travailleur saisonnier obtienne une indemnité de fin de contrat ?,"Le travailleur saisonnier doit avoir atteint la durée de présence nécessaire pour l’obtention de cette indemnité, généralement après des embauches successives dans la même entreprise.",,
droit_travail,CDD,51,Comment est calculée l'indemnité de fin de contrat pour un travailleur saisonnier ?,"L'indemnité de fin de contrat pour le travailleur saisonnier est calculée sur les mêmes bases que l'indemnité de licenciement, c’est-à-dire généralement en fonction de la durée de présence et du salaire.",,
droit_travail,CDD,51,Un travailleur saisonnier peut-il cumuler des embauches successives pour obtenir une indemnité de fin de contrat ?,"Oui, en cas d'embauches successives dans la même entreprise, le travailleur saisonnier peut cumuler la durée de ses contrats pour atteindre la durée nécessaire à l'obtention de l'indemnité.",,
droit_travail,CDD,52,Le contrat de travail à durée déterminée peut-il être renouvelé plusieurs fois ?,"Oui, le contrat de travail à durée déterminée (CDD) est renouvelable sans limitation, sauf en cas d’abus.",,
droit_travail,CDD,52,Quelles sont les limites au renouvellement d'un contrat de travail à durée déterminée ?,"Il n'y a pas de limite stricte au renouvellement d'un CDD, mais tout abus dans ce renouvellement peut être jugé par une juridiction compétente.",,
droit_travail,CDD,52,Qui peut juger si le renouvellement d'un contrat de travail à durée déterminée constitue un abus ?,L'appréciation d'un abus dans le renouvellement d'un CDD est laissée à la juridiction compétente.,,
droit_travail,CDD,52,Que se passe-t-il en cas d'abus dans le renouvellement d'un contrat de travail à durée déterminée ?,"En cas d'abus dans le renouvellement d'un CDD, la juridiction compétente peut intervenir et juger du caractère abusif du renouvellement, avec des sanctions potentielles pour l'employeur.",,
droit_travail,CDD,49,Qu'est-ce qu'un contrat de travail à durée déterminée ?,Un contrat de travail à durée déterminée est un contrat dont le terme (date de fin) est précisé à l'avance par l'accord entre l'employeur et le travailleur.,,
droit_travail,CDD,49,Quels types de contrats sont assimilés à un CDD ?,"Sont assimilés à un CDD : 1) le contrat pour l'exécution d'un ouvrage déterminé ; 2) le contrat dont la fin dépend d'un événement futur certain, sans date précise.",,
droit_travail,CDD,50,Qu'est-ce qu'un contrat de travail saisonnier ?,"Un contrat de travail saisonnier est un CDD pour lequel le travailleur s'engage à travailler pendant la durée d'une campagne (agricole, commerciale, industrielle ou artisanale), et la fin du contrat dépend de la campagne.",,
droit_travail,CDD,50,Que se passe-t-il si le contrat saisonnier se prolonge au-delà de la campagne ?,"Si le contrat saisonnier continue après la fin de la campagne, il se transforme en contrat à durée indéterminée (CDI).",,
droit_travail,CDD,51,Un travailleur saisonnier a-t-il droit à une indemnité de fin de contrat ?,"Oui, un travailleur saisonnier a droit à une indemnité de fin de contrat, calculée de la même manière que l'indemnité de licenciement, s'il atteint la durée nécessaire d'embauche dans la même entreprise.",,
droit_travail,CDD,52,Un CDD peut-il être renouvelé ?,"Oui, un CDD est renouvelable sans limitation, sauf en cas d'abus qui serait à l'appréciation de la juridiction compétente.",,
droit_travail,CDD,53,Quelles catégories de travailleurs peuvent bénéficier du renouvellement des CDD ?,Les catégories concernées incluent : 1) les travailleurs engagés à l'heure ou à la journée pour une occupation de courte durée , 2) ceux en complément d'effectif pour un surcroît d'activités , 3) ceux remplaçant un travailleur en suspension.
droit_travail,CDD,54,Quelle est la durée maximale d'un CDD ?,"Un CDD ne peut dépasser deux ans pour les travailleurs nationaux et trois ans pour les travailleurs non nationaux, sauf si le terme est imprécis.",,
droit_travail,CDD,55,Est-il nécessaire de formaliser un CDD par écrit ?,"Oui, un CDD doit être établi par écrit. À défaut, il est considéré comme un contrat à durée indéterminée (CDI).",,
droit_travail,CDD,56,Que doit faire l'employeur pour les travailleurs nécessitant une installation hors du pays ?,L'employeur doit faire viser et enregistrer le contrat par l'inspection du travail compétente.,,
droit_travail,CDD,57,Quel est le délai pour demander le visa du contrat de travail ?,L'employeur doit soumettre la demande de visa au plus tard 30 jours après le début de l'exécution du contrat.,,
droit_travail,CDD,59,Dans quels cas un CDD ne peut-il pas être conclu ?,"Un CDD ne peut pas être conclu pour : 1) remplacer définitivement un travailleur dont le contrat est suspendu en raison d'un conflit collectif ; 2) effectuer des travaux considérés comme particulièrement dangereux, sauf autorisation de l'inspecteur.",,
droit_travail,CDD,60,Dans quelles conditions un CDD peut-il être résilié avant son terme ?,"Un CDD peut être résilié par accord écrit des deux parties, en cas de force majeure, ou pour faute lourde. En cas de contestation, c'est la juridiction compétente qui apprécie la situation.",,
droit_travail,CDD,61,Quel droit a le travailleur à l'arrivée du terme d'un CDD ?,"À l'arrivée du terme d'un CDD, le travailleur a droit à une indemnité de fin de contrat, calculée sur la même base que l'indemnité de licenciement, selon les conventions collectives de travail.",,
droit_travail,CDI,62,Qu'est-ce qu'un contrat de travail à durée indéterminée ?,Un contrat de travail à durée indéterminée (CDI) est un contrat de travail qui est conclu sans précision de terme. Cela signifie qu'il n'a pas de date de fin définie.,,
droit_travail,CDI,62,un contrat de travail à durée indéterminée  est-il soumis à un visa ?,"Non, le contrat de travail à durée indéterminée n’est pas soumis au visa, sauf dans les cas prévus par l’article 56.",,
droit_travail,CDI,63,Qui doit se soumettre au visa pour un CDI ?,"Les contrats de travail à durée indéterminée des travailleurs nationaux dont l'exécution nécessite leur installation hors du territoire national, ainsi que ceux des travailleurs non nationaux, doivent obligatoirement être soumis au visa des services compétents du ministère chargé du travail.",,
droit_travail,CDI,64,Quelles sont les conditions pour mettre fin à un CDI ?,"Le contrat de travail à durée indéterminée peut toujours cesser par la volonté de l’une des parties, sous réserve de respecter les dispositions relatives aux licenciements pour motif économique et aux travailleurs protégés (délégués du personnel, délégués syndicaux, etc.).",,
droit_travail,CDI,65,Comment doit se faire la rupture d'un CDI ?,La rupture d'un CDI est subordonnée à un préavis notifié par écrit par la partie qui prend l’initiative de la rupture. Ce préavis commence à courir à compter de la date de remise de la notification. Le motif de la rupture doit également figurer dans la notification.,,
droit_travail,CDI,66,Quelle est la durée du préavis pour un CDI ?,"La durée du préavis est : 1) huit jours pour les travailleurs payés à l’heure ou à la journée ; 2) un mois pour les employés autres que les cadres ; 3) trois mois pour les cadres, agents de maîtrise et techniciens.",,
droit_travail,CDI,67,Quelles obligations doivent être respectées pendant le préavis d'un CDI ?,"Pendant la durée du préavis, l’employeur et le travailleur sont tenus de respecter toutes les obligations réciproques. Si l’une des parties ne respecte pas ses obligations, l’autre partie est dispensée d’observer le préavis restant à courir.",,
droit_travail,CDI,67,Quelles sont les dispositions pour la recherche d'emploi pendant le préavis ?,"Le travailleur bénéficie, pendant la durée du préavis, de deux jours ouvrables de liberté par semaine à plein salaire pour la recherche d’un autre emploi.",,
droit_travail,CDI,76,Que se passe-t-il si un licenciement n'est pas conforme à la procédure ?,"Si le licenciement est légitime quant au fond mais survient sans respecter la procédure (notification écrite de la rupture ou indication de son motif), le tribunal accorde au travailleur une indemnité ne dépassant pas trois mois de salaire.",,
droit_travail,CDI,77,Quelle notification est requise avant un départ en congé ?,"Si une partie désire mettre fin au contrat de travail avant le départ du travailleur en congé, elle doit notifier l’autre partie quinze jours avant la date de départ. En cas d’inobservation, l’indemnité compensatrice du préavis est majorée (huit jours pour les travailleurs payés à l'heure, un mois pour les autres).",,
droit_travail,CDI,78,Quelles sont les responsabilités d'un nouvel employeur si un travailleur rompt abusivement son CDI ?,"Si un travailleur rompt abusivement son contrat et offre ses services à un nouvel employeur, ce dernier est solidairement responsable des dommages causés à l'ancien employeur s'il a intervenu dans le débauchage, s'il a embauché un travailleur lié par un contrat ou s'il a maintenu le travailleur après avoir appris son lien contractuel.",,
droit_travail,CDI,78,Quelles sont les conditions d'exonération de responsabilité du nouvel employeur ?,"La responsabilité du nouvel employeur est dégagée si, au moment où il a été averti, le contrat abusivement rompu arrive à expiration par l’arrivée du terme du contrat ou l’expiration du préavis, ou si un délai de quinze jours s’est écoulé depuis la rupture du CDI.",,
droit_travail,CDI,,Qu'est-ce qui distingue un CDI d'un CDD ?,"Un CDI est conclu sans durée déterminée, tandis qu'un CDD est conclu pour une durée précise.",,
droit_travail,CDI,,Quelles sont les conséquences d'une rupture abusive d'un CDI,La partie lésée peut demander des dommages et intérêts devant la juridiction compétente.,,
droit_travail,CDI,,Quels sont les droits du travailleur pendant le préavis ?,Le travailleur a droit à un préavis et à des jours de congé pour chercher un nouvel emploi.,,
droit_travail,CDI,,Peut-on modifier un CDI ?,Les modifications doivent être acceptées par les deux parties et notifiées par écrit.,,
droit_travail,CDI,,Quelles sont les raisons légitimes pour un licenciement ?,"Les raisons peuvent inclure des motifs économiques, des performances insatisfaisantes ou des violations des obligations contractuelles.",,
droit_travail,tacheron,79,Qu'est-ce qu'un tâcheron ?,Un tâcheron est une personne ou une entreprise qui recrute des travailleurs pour réaliser un travail ou fournir un service en échange d'un paiement forfaitaire.,,
droit_travail,tacheron,79,Quel est le rôle de l'entrepreneur dans le contrat de tâcheronnat ?,"L'entrepreneur est responsable de déposer le contrat de tâcheronnat auprès des autorités compétentes, comme l'inspection du travail et la sécurité sociale.",,
droit_travail,tacheron,80,Que se passe-t-il si le tâcheron est en difficulté financière ?,"Si le tâcheron ne peut pas payer les travailleurs, l'entrepreneur peut être tenu responsable et doit respecter ses obligations envers ces travailleurs, permettant ainsi aux travailleurs de réclamer leur dû directement à l'entrepreneur.",,
droit_travail,tacheron,81,Quelles informations doivent être affichées par le tâcheron dans ses lieux de travail ?,"Le tâcheron doit afficher clairement son statut, ainsi que le nom et les coordonnées de l'entrepreneur, et les dates de paiement des salaires pour ses travailleurs.",,
droit_travail,tacheron,82,Quelles sont les responsabilités de l'entrepreneur concernant la liste des tâcherons ?,L'entrepreneur doit maintenir une liste à jour des tâcherons avec qui il a conclu des contrats et l'afficher dans ses bureaux pour information.,,
droit_travail,tacheron,83,Que risque un tâcheron qui ne respecte pas les lois ou règlements ?,Un tâcheron peut être temporairement ou définitivement interdit d'exercer sa profession s'il ne respecte pas les lois en vigueur.,,
droit_travail,tacheron,84,Quelles voies de recours existent pour un tâcheron qui fait l'objet d'une interdiction ?,Un tâcheron peut contester une décision de suspension ou d'interdiction devant les tribunaux compétents.,,
droit_travail,tacheron,84,Qui détermine les règles applicables aux contrats de tâcheronnat ?,"Les règles et modalités concernant les contrats de tâcheronnat sont établies par le ministre chargé du travail, en consultation avec une commission spécialisée.",,
droit_travail,tacheron,,Quels types de travaux peuvent être réalisés sous un contrat de tâcheronnat ?,"Tout type de travail qui peut être sous-traité, tant que cela respecte les lois en vigueur.",,
droit_travail,tacheron,,Le tâcheron est-il responsable des travailleurs qu'il recrute ?,"Oui, le tâcheron est responsable envers les travailleurs qu'il recrute et doit assurer le paiement de leur salaire.",,
droit_travail,tacheron,,Quelles sanctions peuvent être appliquées aux tâcherons en cas de non-respect des règles ?,Des sanctions peuvent aller d'une interdiction temporaire à une interdiction définitive d'exercer leur activité.,,
droit_travail,tacheron,,Comment un travailleur peut-il obtenir des compensations en cas de problème avec un tâcheron ?,Les travailleurs peuvent intenter une action directe contre l'entrepreneur si le tâcheron est en insolvabilité.,,
droit_travail,tacheron,,Quelles sont les obligations de l'entrepreneur concernant l'information sur les tâcherons ?,L'entrepreneur doit informer le public de manière transparente en affichant la liste des tâcherons dans ses bureaux.,,
droit_travail,modification_contrat_travail,85,Un employeur peut-il changer un contrat de travail sans l'accord du travailleur ?,"Non, l'employeur ne peut pas imposer une modification au contrat de travail sans l'approbation écrite du travailleur. Si le travailleur refuse, le contrat est considéré comme rompu par l'employeur.",,
droit_travail,modification_contrat_travail,86,Qu'advient-il si un travailleur accepte temporairement un emploi inférieur ?,"Si le travailleur accepte un emploi inférieur temporaire, son salaire et son classement d'origine doivent être maintenus pendant une période maximale de six mois.",,
droit_travail,modification_contrat_travail,87,Que se passe-t-il si un employeur propose un emploi permanent d'une catégorie inférieure ?,"Le travailleur a le droit de refuser cette proposition. Si le travailleur refuse, le contrat est considéré comme rompu par l'employeur. En cas d'acceptation, le travailleur sera rémunéré selon les conditions de son nouvel emploi.",,
droit_travail,modification_contrat_travail,88,Un intérimaire obtient-il automatiquement les avantages d'un emploi supérieur ?,"Non, le fait de travailler temporairement dans un emploi supérieur ne garantit pas le droit aux avantages liés à cet emploi. L'intérimaire doit être informé par écrit de sa position et de la durée de son intérim, qui ne peut excéder un mois pour les ouvriers et trois mois pour les cadres.",,
droit_travail,modification_contrat_travail,89,Quelle indemnité perçoit un intérimaire après un certain délai de remplacement ?,"Après un mois pour les ouvriers et un délai de trois mois pour les cadres, l'intérimaire reçoit une indemnité égale à la différence entre son salaire et le salaire minimum de la catégorie de son nouvel emploi, en plus des indemnités attachées à la fonction.",,
droit_travail,modification_contrat_travail,90,Qu'advient-il d'une femme salariée enceinte qui est mutée à un autre poste ?,Elle conserve son salaire antérieur pendant toute la durée de sa mutation.,,
droit_travail,modification_contrat_travail,91,Que se passe-t-il si l'employeur change de situation juridique ?,Tous les contrats de travail en cours restent valables entre le nouvel employeur et les travailleurs de l'entreprise. La résiliation des contrats doit suivre les mêmes procédures que précédemment.,,
droit_travail,modification_contrat_travail,92,Le nouvel employeur doit-il respecter les obligations de l'ancien employeur ?,"Oui, le nouvel employeur est tenu de respecter les obligations de l'ancien employeur à l'égard des travailleurs, sauf si le changement est dû à une procédure de règlement judiciaire ou à une liquidation des biens de l'employeur.",,
droit_travail,modification_contrat_travail,,Qu'est-ce qui constitue une modification substantielle d'un contrat de travail ?,"Toute modification qui affecte les termes essentiels du contrat, comme le salaire, la durée ou la nature du travail.",,
droit_travail,modification_contrat_travail,,Quel est le délai maximal pour un emploi temporaire dans une catégorie inférieure ?,La période maximale est de six mois.,,
droit_travail,modification_contrat_travail,,Quelles sont les conséquences si le travailleur ne reçoit pas l'indemnité après avoir été intérimaire ?,Le travailleur peut exiger son dû auprès de l'employeur.,,
droit_travail,modification_contrat_travail,,Les droits des travailleurs sont-ils protégés lors d'un changement de propriétaire d'une entreprise ?,"Oui, tous les contrats en cours restent valables et doivent être respectés par le nouvel employeur.",,
droit_travail,modification_contrat_travail,,Quelles sont les obligations d'information concernant les changements de contrat ?,L'employeur doit informer le travailleur par écrit de toute modification proposée et obtenir son consentement.,,
droit_travail, ,93,Dans quels cas le contrat de travail peut-il être suspendu ?,"Le contrat de travail est suspendu durant : 
1. La fermeture de l’établissement liée au départ de l’employeur pour une période obligatoire d’instruction militaire. 
2. Le service militaire du travailleur. 
3. L’absence pour maladie ou accident non professionnel constaté par un certificat médical (limite d’un an, prorogeable jusqu’au remplacement). 
4. Indisponibilité due à un accident du travail ou maladie professionnelle. 
5. Repos de la salariée selon les articles 144 et 145. 
6. Congé sans solde. 
7. Grève ou lock-out respectant la procédure. 
8. Absence autorisée par l’employeur. 
9. Mise en disponibilité. 
10. Mise à pied. 
11. Congé payé, incluant délais de route. 
12. Exercice d’un mandat politique ou syndical sans autorisation d’absence. 
13. Détention pour motifs politiques. 
14. Détention sans faute professionnelle (limite de six mois). 
15. Détention pour enquête judiciaire (limite de six mois). 
16. Force majeure (limite de cinq mois, renouvelable une fois). 
17. Absence pour assister un conjoint malade (limite de trois mois). 
18. Morte-saison pour les travailleurs saisonniers. 
19. Chômage technique total. 
Les périodes de suspension visées aux points 1, 6, 12, 13, 14, 15, 16, 17 et 18 ne comptent pas dans l’ancienneté.",,
droit_travail,cessation_travail,94,Qu'est-ce que le chômage technique et quelles sont ses conditions ?,"Le chômage technique est l’arrêt d’activité d’un établissement lié à un événement insurmontable, pouvant être total ou partiel. Sa mise en œuvre nécessite la consultation des délégués du personnel. En l'absence de convention collective, les conditions d’indemnisation des travailleurs sont fixées par voie réglementaire par le ministre du travail, après avis de la commission consultative du travail.",,
droit_travail,cessation_travail,95,Quelles sont les obligations de l’employeur en cas de suspension liée à la fermeture de l’établissement ?,"L’employeur doit verser au travailleur une indemnité égale à sa rémunération durant la période d'absence, dans la limite normale du préavis. Si le contrat est à durée déterminée, le préavis à considérer est celui des contrats à durée indéterminée. La suspension ne proroge pas le terme du contrat initial.",,
droit_travail,cessation_travail,96,Comment s’établit l’indemnisation du travailleur en cas d'absence pour maladie ou accident non professionnel ?,"L’indemnisation se fait en fonction de l'ancienneté : 
1. Moins d’un an : plein salaire un mois, demi-salaire le mois suivant. 
2. De un à cinq ans : plein salaire un mois, demi-salaire trois mois. 
3. De six à dix ans : plein salaire deux mois, demi-salaire trois mois. 
4. De onze à quinze ans : plein salaire trois mois, demi-salaire trois mois. 
5. Plus de quinze ans : plein salaire quatre mois, demi-salaire quatre mois. 
Le total des indemnités ne peut dépasser le montant total maximum prévu pour une année, quel que soit le nombre d'absences.",,
droit_travail,duree_travail,137,Quelle est la durée légale de travail pour les employés et ouvriers ?,"La durée légale de travail est de quarante heures par semaine pour tous les employés et ouvriers, quel que soit leur sexe ou âge, travaillant à temps, à la tâche ou à la pièce, dans les établissements publics ou privés. Dans les exploitations agricoles, la durée annuelle de travail est fixée à deux mille quatre cents heures, avec la durée hebdomadaire déterminée par le ministre chargé du travail après avis de la commission consultative du travail.",,
droit_travail,duree_travail,138,Comment sont rémunérées les heures supplémentaires effectuées au-delà de la durée légale hebdomadaire ?,"Les heures effectuées au-delà de la durée légale hebdomadaire sont considérées comme heures supplémentaires et doivent être rémunérées avec une majoration de salaire. Les modalités d’exécution et le taux des heures supplémentaires (de jour ou de nuit, pendant les jours ouvrables, dimanches et jours fériés) sont déterminés par les conventions collectives, et à défaut, par voie réglementaire par le ministre chargé du travail après avis de la commission consultative du travail. Des dérogations peuvent également être accordées.",,
droit_travail,duree_travail,139,Quelles sont les modalités d'application de la durée légale de travail et des heures supplémentaires ?,"Des actes réglementaires du ministre chargé du travail, pris après avis de la commission consultative du travail, déterminent les modalités d’application de la durée légale de travail et des dérogations, par branche d’activité et par catégorie professionnelle. Ces actes fixent également la durée maximum des heures supplémentaires pouvant être effectuées pour des travaux urgents, exceptionnels ou saisonniers.",,
droit_travail,travail_femme,142,À quels types de travaux une femme travailleuse ne peut-elle pas être affectée ?,"Une femme ne peut pas être affectée à des travaux susceptibles de porter atteinte à sa capacité de reproduction ou, si elle est enceinte, à sa santé ou à celle de son enfant. La nature de ces travaux est déterminée par décret en conseil des ministres après avis du comité technique national consultatif de sécurité et santé au travail.",,
droit_travail,travail_femme,143,Que se passe-t-il lorsqu'une femme enceinte est employée à un poste dangereux pour la santé ?,Une femme enceinte employée à un poste dangereux pour la santé a le droit d'être mutée à un autre poste sans réduction de salaire. Ce droit est également accordé à toute femme qui présente un certificat médical attestant qu’un changement de poste est nécessaire pour protéger sa santé et celle de son enfant.,,
droit_travail,travail_femme,144,Une femme enceinte peut-elle suspendre son travail sans que cela entraîne une rupture de contrat ?,"Oui, toute femme enceinte dont l'état a été dûment constaté peut suspendre son travail sur prescription médicale, sans que cette interruption soit considérée comme une cause de rupture du contrat de travail.",,
droit_travail,travail_femme,145,Quelle est la durée du congé de maternité pour une femme enceinte ?,"La femme enceinte bénéficie d'un congé de maternité de quatorze semaines, dont au plus tôt huit semaines et au plus tard quatre semaines avant la date présumée de l'accouchement, que l'enfant naisse vivant ou non. Après la naissance, la femme ne peut bénéficier d'un congé de plus de dix semaines. Ce congé peut être prolongé de trois semaines en cas de maladie liée à la grossesse ou à l'accouchement.",,
droit_travail,travail_femme,146,Quels sont les droits d'une femme enceinte pendant les quatorze semaines de congé de maternité ?,"Pendant les quatorze semaines, la femme a droit aux frais d'accouchement et aux soins médicaux pris en charge par l'institution de sécurité sociale. Elle bénéficie également de son salaire soumis à cotisation au régime de sécurité sociale, avec la fraction non soumise à cotisation étant à la charge de l'employeur. Elle conserve le droit aux prestations en nature.",,
droit_travail,travail_femme,147,L'employeur peut-il licencier une femme pendant son congé de maternité ?,"Non, l'employeur ne peut pas licencier une femme en congé de maternité, ni l'employer dans les six semaines qui suivent son accouchement, même avec son accord. Toute convention contraire est nulle de plein droit.",,
droit_travail,travail_femme,148,Quelles sont les dispositions concernant les repos pour allaitement après la reprise du travail ?,La mère a droit à des repos pour allaitement pendant une période de quatorze mois à compter de la reprise du travail. La durée totale de ces repos ne peut excéder une heure et demie par jour de travail. Ces repos sont rémunérés et comptabilisés dans la durée du travail.,,
droit_travail,travail_enfant_adoslescent,149,À quels types de travaux les enfants et les adolescents ne peuvent-ils pas être affectés ?,Les enfants et les adolescents ne peuvent être affectés à des travaux susceptibles de porter atteinte à leur développement et à leur capacité de reproduction. La nature de ces travaux interdits ainsi que les catégories d'entreprises interdites aux moins de dix-huit ans sont déterminées par décret en conseil des ministres après avis du comité technique national consultatif de sécurité et santé au travail.,,
droit_travail,travail_enfant_adoslescent,150,Quelles sont les définitions d'enfant et d'adolescent aux termes de cette loi ?,"1. Le terme ""enfant"" désigne toute personne âgée de moins de dix-huit ans. 2. Le terme ""adolescent"" désigne toute personne âgée de dix-huit à vingt ans inclus.",,
droit_travail,travail_enfant_adoslescent,151,"Quelle est la durée de repos nocturne des enfants, et le travail de nuit est-il autorisé pour eux ?","La durée de repos nocturne des enfants doit être de douze heures consécutives au minimum par jour. Le travail de nuit des enfants est interdit. Cependant, il peut être dérogé à cette interdiction pour les personnes âgées de plus de seize ans en cas de force majeure.",,
droit_travail,travail_enfant_adoslescent,152,Quel est l'âge minimum d'accès à l'emploi ou au travail et peut-il y avoir des dérogations ?,"L'âge minimum d'accès à tout type d'emploi ou de travail ne doit pas être inférieur à seize ans. Cependant, des dérogations peuvent être accordées pour des travaux légers. Les conditions et modalités d'exercice de ces travaux sont fixées par un acte réglementaire du ministre chargé du travail après avis du comité technique national consultatif de sécurité et santé au travail.",,
droit_travail,travail_enfant_adoslescent,153,"Quelles sont les pires formes de travail des enfants, interdites par cette loi ?","Les pires formes de travail des enfants, qui sont d'ordre public, comprennent : 1. Toutes les formes d'esclavage ou pratiques analogues, telles que la vente et la traite des enfants, la servitude pour dettes, le servage, et le travail forcé ou obligatoire, y compris le recrutement forcé des enfants pour des conflits armés. 2. L'utilisation, le recrutement ou l'offre d'un enfant à des fins de prostitution, de production pornographique ou de spectacles pornographiques. 3. L'utilisation, le recrutement ou l'offre d'un enfant pour des activités illicites, comme le trafic de stupéfiants. 4. Les travaux nuisibles à la santé, sécurité ou moralité de l'enfant.",,
droit_travail,travail_enfant_adoslescent,154,Que se passe-t-il si un enfant ou un adolescent est employé dans un travail au-dessus de ses forces ?,"L'enfant ou l'adolescent ne peut être maintenu dans un emploi reconnu au-dessus de ses forces. Si tel est le cas, le contrat de travail est résilié avec paiement des droits légaux. L'inspecteur du travail peut demander un examen médical des adolescents pour vérifier si le travail dépasse leurs forces. Cette demande peut également être faite par l'adolescent lui-même, ses parents ou son tuteur.",,
droit_travail,conges,155,Quelle est la durée minimale de repos hebdomadaire ?,"Le repos hebdomadaire est obligatoire et d'une durée minimale de vingt-quatre heures par semaine, généralement le dimanche.",,
droit_travail,conges,156,Quel est le droit au congé payé pour un travailleur ?,"Le travailleur a droit à deux jours et demi de congé payé par mois de service effectif. Les travailleurs de moins de 18 ans peuvent demander un congé de trente jours sans solde, en plus du congé payé acquis.",,
droit_travail,conges,157,Comment la durée du congé est-elle augmentée ?,"La durée du congé est augmentée de deux jours après vingt ans de services, de quatre jours après vingt-cinq ans et de six jours après trente ans de service dans la même entreprise.",,
droit_travail,conges,158,Quels sont les droits des femmes salariées de moins de 22 ans en matière de congés ?,Les femmes salariées ou apprenties âgées de moins de vingt-deux ans ont droit à deux jours de congé supplémentaires pour chaque enfant à charge.,,
droit_travail,conges,159,Les permissions exceptionnelles sont-elles déduites du congé payé ?,"Les permissions exceptionnelles accordées pour événements familiaux ne sont pas déduites de la durée du congé payé, dans la limite annuelle de dix jours ouvrables.",,
droit_travail,conges,160,Quelles sont les conditions pour obtenir un congé sans solde pour l'entretien d'un enfant ?,"Tout travailleur peut obtenir un congé sans solde d'une durée de six mois renouvelables une fois pour l'entretien de son enfant, à condition de faire la demande au moins un mois avant le départ. En cas de maladie grave de l’enfant, la période peut être portée à un an renouvelable.",,
droit_travail,conges,161,Quelles sont les conditions pour obtenir des autorisations d'absence pour participation aux assemblées syndicales ?,"Des autorisations d'absence sont accordées sur présentation d'une convocation écrite, une semaine au moins avant la réunion prévue. Ces absences sont payées dans la limite de quinze jours ouvrables par an et ne sont pas déduites du congé payé.",,
droit_travail,conges,162,Quels types d'autorisations d'absence sans solde peuvent être accordées ?,"Des autorisations d'absence sans solde peuvent être accordées jusqu'à vingt jours ouvrables, non déductibles du congé payé, pour suivre un stage, représenter une association, ou participer à des compétitions sportives ou culturelles.",,
droit_travail,conges,163,Les congés spéciaux peuvent-ils être déduits du congé payé ?,"Oui, les congés spéciaux autres que ceux définis précédemment peuvent être déduits du congé payé s'ils n'ont pas été compensés.",,
droit_travail,conges,164,Qui détermine les modalités relatives aux congés payés ?,"Le ministre chargé du travail, après avis de la commission consultative du travail, détermine les modalités relatives au régime des congés payés.",,
droit_travail,conges,165,Quelle est la période minimale de service effectif pour acquérir le droit au congé ?,Le droit de jouissance du congé est acquis après une période minimale de service effectif de douze mois.,,
droit_travail,conges,166,Qu'est-ce qu'une indemnité compensatrice du congé ?,"Une indemnité compensatrice du congé est accordée au travailleur en cas de rupture ou d'expiration du contrat avant qu'il n'ait acquis droit au congé, calculée sur la base des droits acquis.",,
droit_travail,conges,167,Comment les travailleurs à l'heure ou à la journée perçoivent-ils leur allocation de congé ?,"Les travailleurs engagés à l'heure ou à la journée perçoivent leur allocation de congé en même temps que le salaire, sous forme d'indemnité compensatrice de leur congé payé.",,
droit_travail,conges,168,Quelle est l'indemnité compensatrice de congé payé pour un travailleur journalier ?,L'indemnité compensatrice de congé payé du travailleur journalier est égale à un douzième de la rémunération acquise par le travailleur au cours de la journée et doit figurer distinctement sur le bulletin de paie.,,
droit_travail,conges,169,Où peut-on jouir de son congé ?,Le travailleur est libre de jouir de son congé dans le pays de son choix.,,
droit_travail,conges,170,Quelle est l'allocation que l'employeur doit verser avant le départ en congé ?,"L'employeur doit verser au travailleur, avant son départ en congé, une allocation au moins égale à la moyenne des salaires et divers éléments de rémunération des douze mois précédents.",,
droit_travail,conges,171,Les conventions collectives peuvent-elles exclure certaines indemnités du calcul de l'allocation de congé ?,"Oui, les conventions collectives peuvent exclure certaines indemnités du calcul de l'allocation de congé. Les délais de route ne peuvent excéder le temps nécessaire pour se rendre au lieu de résidence et en revenir.",,
droit_travail,salaire, ,Quelle est la condition pour le salaire des travailleurs ?,"À conditions égales de travail, de qualification professionnelle et de rendement, le salaire est égal pour tous les travailleurs, quel que soit leur origine, sexe, âge ou statut. En l'absence de conventions collectives, le salaire est fixé d'accord entre l'employeur et le travailleur.",,
droit_travail,salaire,183,Quel droit a un travailleur déplacé pour son logement ?,Le travailleur déplacé a droit à un logement de la part de l'employeur s'il ne peut se procurer un logement décent par ses propres moyens. Les conditions et modalités de remboursement sont fixées par voie réglementaire.,,
droit_travail,salaire,184,Que doit faire l'employeur en matière de ravitaillement ?,"L'employeur doit assurer un ravitaillement régulier en denrées alimentaires de première nécessité au travailleur s'il ne peut y accéder par ses propres moyens, dans les conditions fixées par voie réglementaire.",,
droit_travail,salaire,185,Qu'est-ce qu'une indemnité pour le travailleur en cas de séjour à l'étranger ?,"Les conventions collectives ou le contrat de travail peuvent prévoir une indemnité pour dédommager le travailleur des dépenses et risques liés à son séjour au lieu d'emploi, en tenant compte des différences climatiques ou des charges particulières.",,
droit_travail,salaire,186,Quand une indemnité est-elle due pour un déplacement professionnel ?,"Une indemnité est due au travailleur astreint à un déplacement occasionnel et temporaire hors de son lieu habituel d'emploi, fixée par la convention collective ou le contrat de travail.",,
droit_travail,salaire,187,Qui fixe les salaires minima interprofessionnels garantis ?,"Des décrets en conseil des ministres, après avis de la commission consultative du travail, fixent les salaires minima interprofessionnels garantis, en tenant compte du niveau général des salaires et du coût de la vie.",,
droit_travail,salaire,188,Comment doit être calculée la rémunération au travail à la tâche ?,La rémunération d'un travail à la tâche doit permettre au travailleur de percevoir un salaire au moins égal à celui d'un travailleur rémunéré au temps effectuant un travail analogue.,,
droit_travail,salaire,189,Quel est le principe d'absence de salaire ?,"Aucun salaire n'est dû en cas d'absence du travailleur, sauf dans les cas prévus par la réglementation ou par accord entre les parties.",,
droit_travail,salaire,190,Quelle est la fonction de la commission mixte paritaire ?,"Une commission mixte paritaire est chargée des négociations salariales et des conditions de travail dans le secteur privé. Sa composition, organisation et fonctionnement sont fixés par un acte réglementaire.",,
droit_travail,salaire,191,Comment les commissions et primes sont-elles prises en compte dans la rémunération ?,"Les commissions et primes, non remboursant des frais, sont prises en compte pour le calcul de la rémunération durant le congé, l'indemnité de préavis et les dommages et intérêts. Le montant est basé sur la moyenne mensuelle des douze derniers mois d'activité.",,
droit_travail,salaire,192,Quel est le mode de paiement du salaire ?,"Le salaire doit être payé en monnaie ayant cours légal au Burkina Faso. Le paiement de tout ou partie du salaire en alcool, en boissons alcoolisées ou en nature est interdit, sauf exceptions prévues par les articles 183, 184 et 187.",,
droit_travail,salaire,193,Où doit être effectuée la paye ?,"La paye est faite sur le lieu de travail, sauf cas de force majeure. Elle ne peut pas être effectuée dans un débit de boissons ou dans un magasin de vente, sauf pour les travailleurs qui y sont normalement occupés, ni le jour où le travailleur a droit au repos.",,
droit_travail,salaire,194,Quelle est la périodicité de paiement des salaires ?,"Le salaire doit être payé à intervalles réguliers : tous les quinze jours pour les travailleurs engagés à l’heure ou à la journée, et chaque mois pour les travailleurs engagés au mois. Le travailleur journalier est payé chaque jour après la fin de son travail. Les paiements mensuels doivent être effectués au plus tard huit jours après la fin du mois, et les paiements à la quinzaine au plus tard quatre jours après la fin de la quinzaine. Pour les paiements hebdomadaires, le délai est de deux jours.",,
droit_travail,salaire,195,Quelles sont les conditions de paiement pour le travail à la pièce ?,"Pour le travail à la pièce ou au rendement de plus d'une quinzaine de jours, les dates de paiement peuvent être convenues d'un commun accord, mais le travailleur doit percevoir chaque quinzaine des acomptes correspondant à au moins quatre-vingt-dix pour cent du salaire minimum. Il doit être intégralement payé dans la quinzaine suivant la livraison de l'ouvrage. Les commissions doivent être payées dans les trois mois suivant le trimestre concerné.",,
droit_travail,salaire,196,Que se passe-t-il au moment de la fin du contrat de travail en ce qui concerne le salaire ?,"Le salaire, les accessoires de salaire, les primes et les indemnités dues au travailleur doivent être payés dès la fin du contrat, en cas de résiliation ou rupture. En cas de litige, l'employeur peut demander l'immobilisation provisoire des sommes dues au greffe du tribunal du travail, en respectant une procédure d'urgence pour fixer la date d'audience la plus proche.",,
droit_travail,salaire,197,Quelles sont les obligations concernant le bulletin de paye ?,"Tout paiement de salaire doit être accompagné d'une pièce justificative appelée bulletin de paye, dressée et certifiée par l'employeur. Les mentions du bulletin doivent être enregistrées dans un registre des paiements. Ce registre doit être conservé par l'employeur et présenté à l'inspection du travail sur demande, même en cas d'absence du chef d'établissement.",,
droit_travail,salaire,198,Qui fixe la contexture du bulletin de paye et du registre des paiements ?,"La contexture du bulletin de paye et du registre des paiements est fixée par le ministre chargé du travail, après avis de la commission consultative du travail.",,
droit_travail,salaire,199,Quelle mention ne peut être opposée au travailleur en cours ou après la résiliation de son contrat ?,"Il ne peut être opposé au travailleur la mention pour solde de tout compte ou toute mention équivalente souscrite par lui en cours d'exécution ou après la résiliation de son contrat de travail, par laquelle le travailleur renonce à tout ou partie des droits résultant de son contrat de travail.",,
droit_travail,salaire,200,Qu'implique l'acceptation d'un bulletin de paye par le travailleur ?,"L'acceptation, sans protestation ni réserve, d'un bulletin de paye par le travailleur ne peut valoir renonciation au paiement de tout ou partie du salaire, des accessoires de salaire, des primes et des indemnités qui lui sont dus, ni non plus solde de tout compte.",,
droit_travail,salaire,201,Que présume le non-paiement du salaire en cas de contestation ?,"En cas de contestation sur le paiement du salaire, des primes et des indemnités, le non-paiement est présumé de manière irréfragable, sauf cas de force majeure, si l'employeur ne peut pas produire le registre des paiements dûment émargé par le travailleur.",,
droit_travail,salaire,202,Qu'est-ce que le salaire ?,"Le salaire est la prestation versée au travailleur par l’employeur en contrepartie de son travail, incluant le salaire de base et les accessoires du salaire, tels que l’allocation de congé payé, les primes, les indemnités et les prestations de toute nature.",,
droit_travail,salaire,203,Quel est le privilège accordé à la créance de salaire ?,"La créance de salaire et autres créances du travailleur bénéficient d’un super privilège sur tous les autres privilèges, y compris ceux du trésor public et de la sécurité sociale. Ce super privilège s’exerce sur les biens meubles et immeubles du débiteur concernant la fraction insaisissable du salaire.",,
droit_travail,salaire,204,Que se passe-t-il avec les sommes précomptées par le trésor public après la cessation des paiements ?,Les sommes précomptées par le trésor public après la cessation des paiements sont rapportées à la masse en cas de liquidation judiciaire de l’entreprise.,,
droit_travail,salaire,205,Quel est le délai de paiement des créances des travailleurs en cas de liquidation judiciaire ?,"Le syndic ou le liquidateur doit payer les créances des travailleurs dans les dix jours suivant la liquidation judiciaire, sur simple ordonnance du juge commissaire. Le juge a huit jours pour délivrer son ordonnance à partir de la production des créances. Si les fonds nécessaires ne sont pas disponibles, ces créances doivent être payées sur les premières rentrées de fonds.",,
droit_travail,salaire,206,Que se passe-t-il si les créances des travailleurs sont payées grâce à une avance ?,"Si les créances des travailleurs sont payées grâce à une avance faite par le syndic, le liquidateur ou une autre personne, le prêteur est subrogé dans les droits du travailleur et doit être remboursé dès la rentrée des fonds nécessaires, sans que d'autres créances puissent s'y opposer.",,
droit_travail,salaire,207,Que se passe-t-il avec le logement du travailleur en cas de liquidation judiciaire ?,Le travailleur logé par l’employeur avant la liquidation judiciaire continue d’être logé jusqu’à la date de paiement de sa dernière créance ou jusqu’à son départ pour regagner sa résidence habituelle.,,
droit_travail,salaire,208,Quel droit a le travailleur sur un objet appartenant à l'entreprise ?,"Le travailleur détenteur d’un objet appartenant à l’entreprise peut exercer le droit de rétention dans les conditions prévues par la législation en vigueur. Les objets mobiliers confiés pour façonnage, réparation ou nettoyage et non retirés dans un délai de six mois peuvent être vendus selon les formes déterminées par la législation.",,
droit_travail,salaire,209,Quelles sont les dispositions concernant l'assistance judiciaire pour les travailleurs ?,Le travailleur bénéficie de l’assistance judiciaire pour toute procédure de saisie - attribution devant les juridictions de droit commun.,,
droit_travail,salaire,210,Quelle est la durée de prescription de l’action en paiement du salaire ?,"L’action des travailleurs en paiement du salaire et des accessoires se prescrit par deux ans à partir de la date à laquelle le salaire est exigible. Cette prescription est suspendue en cas de compte arrêté, cédule, obligation ou citation en justice en cours de validité, ou lors d'une tentative de conciliation devant l’inspecteur du travail.",,
droit_travail,salaire,211,Que peut faire un travailleur face à la prescription de son action en paiement ?,"Le travailleur auquel la prescription est opposée peut déférer le serment à l’employeur ou son représentant pour déterminer si le salaire réclamé a été payé. Ce serment peut également être déféré aux conjoints survivants, héritiers ou tuteurs si ces derniers sont mineurs, afin qu’ils déclarent s’ils savent ou non que le salaire réclamé est dû.",,
droit_travail,salaire,212,Quelle est la prescription pour l'action en paiement de salaire si le serment n'est pas prêté ?,"L’action en paiement de salaire se prescrit par cinq ans si le serment déféré n’est pas prêté ou s’il est reconnu, même implicitement, que les sommes réclamées n’ont pas été payées.",,
droit_travail,sante_travail,235,Qui est responsable de l'application des mesures de sécurité et de santé au travail ?,L'employeur est responsable de l'application des mesures prescrites par les dispositions du présent titre et par les textes pris pour leur application.,,
droit_travail,sante_travail,236,Quelles mesures doit prendre le chef d'établissement pour assurer la sécurité et protéger la santé des travailleurs ?,"Le chef d'établissement doit prendre toutes les mesures nécessaires pour assurer la sécurité et protéger la santé physique et mentale des travailleurs. Cela inclut des mesures techniques, d'organisation de la sécurité et de la santé au travail, ainsi que des mesures de formation et d'information des travailleurs. Il doit également élaborer un programme d'amélioration des conditions et du milieu de travail chaque année.",,
droit_travail,sante_travail,237,Que doivent faire les employeurs lorsque des travailleurs de plusieurs entreprises sont présents sur le même lieu ?,Les employeurs doivent coopérer à la mise en œuvre des prescriptions relatives à la sécurité et à la santé au travail. Ils doivent également s'informer réciproquement et informer leurs travailleurs respectifs des risques professionnels et des mesures prises pour les prévenir.,,
droit_travail,sante_travail,238,Que faire si les mesures de sécurité ne sont pas suffisantes ?,"Si les mesures prises ne sont pas suffisantes pour garantir la sécurité ou la santé des travailleurs, des mesures de protection individuelle contre les risques professionnels doivent être mises en œuvre. L'employeur doit fournir l'équipement approprié ainsi que les instructions nécessaires pour son utilisation et son entretien. Aucun travailleur ne doit être admis à son poste sans cet équipement de protection.",,
droit_travail,sante_travail,239,Que doit faire un employeur concernant l'utilisation de machines et matériaux présentant des risques ?,"L'utilisation des procédés, substances, machines ou matériels entraînant l'exposition des travailleurs à des risques doit être portée par écrit à la connaissance de l'inspecteur du travail. Cela inclut les nouvelles machines ou installations mises en service, celles ayant subi des modifications importantes, ou l'introduction de nouveaux procédés. L'inspection du travail peut imposer des dispositions pratiques ou interdire l'utilisation si la protection du travailleur n'est pas assurée.",,
droit_travail,sante_travail,240,Quelle est la fréquence des vérifications des machines et équipements ?,"Toute machine, tout matériel ou équipement susceptible de causer un accident doit être vérifié au moins une fois par trimestre. Les résultats des vérifications doivent être consignés dans un registre de sécurité tenu par l'employeur et disponible pour l'inspecteur du travail. La liste des équipements soumis aux vérifications périodiques est fixée par voie réglementaire.",,
droit_travail,sante_travail,241,Quelle surveillance est requise sur les lieux de travail ?,"Les lieux de travail doivent faire l'objet de surveillances régulières pour vérifier la sécurité des équipements, des installations et surveiller les risques pour la santé. Les modalités de cette surveillance sont fixées par l'autorité compétente.",,
droit_travail,sante_travail,242,Comment les travailleurs doivent-ils être informés des risques professionnels ?,Les travailleurs doivent être informés et instruits de manière complète et compréhensible des risques professionnels et recevoir des instructions adéquates sur les moyens de prévention. L'employeur doit assurer une formation générale minimale en matière de sécurité et de santé au travail.,,
droit_travail,sante_travail,243,Quelles formations doivent être organisées pour les travailleurs ?,"L'employeur doit organiser une formation pratique en matière de sécurité pour les travailleurs nouvellement embauchés, ceux changeant de poste ou reprenant après un arrêt de travail de plus de six mois. Cette formation doit être mise à jour en cas de modification de la législation ou des procédés de travail. Des actions spécifiques peuvent également être menées selon les risques constatés dans certains établissements.",,
droit_travail,sante_travail,244,Que doivent faire les établissements de plus de vingt-cinq personnes en matière de premiers secours ?,"Dans les établissements où travaillent plus de vingt-cinq personnes, deux ou trois personnes doivent recevoir la formation nécessaire pour administrer les soins de premier secours.",,
droit_travail,sante_travail,245,Qui prend en charge les mesures de sécurité et les actions de formation au travail ?,"Les mesures de sécurité et santé au travail, ainsi que les actions de formation ou d'information, sont à la charge de l'employeur.",,
droit_travail,sante_travail,246,Que doit faire l'employeur en cas d'accident de travail ou de maladie professionnelle ?,"L'employeur doit déclarer à l'institution de sécurité sociale et à l'inspection du travail, dans un délai de deux jours ouvrables, tout accident du travail ou maladie professionnelle constatée dans l'entreprise. Les modalités de cette déclaration sont fixées par la législation applicable aux accidents du travail et aux maladies professionnelles.",,
droit_travail,sante_travail,247,Quelles sont les obligations des travailleurs en matière de sécurité et de santé au travail ?,"Les travailleurs doivent appliquer strictement les consignes d'hygiène et de sécurité, avertir de toute situation dangereuse, se présenter aux visites médicales et contribuer au respect des obligations de l'employeur en matière de sécurité et santé au travail. L'employeur ne peut pas demander au travailleur de reprendre son poste tant que persiste le péril.",,
droit_travail,sante_travail,248,Quels actes réglementaires peuvent être pris pour améliorer la sécurité et la santé au travail ?,"Des actes réglementaires peuvent déterminer les mesures générales et spécifiques de protection et de prévention, ainsi que les mesures relatives à l'organisation des organismes de sécurité au travail, à l'exposition de machines présentant des dangers, et à l'utilisation de substances dangereuses. Des prescriptions particulières peuvent également être établies pour certaines professions ou catégories de travailleurs.",,
droit_travail,sante_travail,249,Quelles entreprises doivent créer un comité de sécurité et santé au travail ?,Les employeurs doivent créer un comité de sécurité et santé au travail dans les établissements occupant au moins trente travailleurs. L’inspecteur du travail peut ordonner la création d’un comité même dans des établissements de moins de trente travailleurs si nécessaire.,,
droit_travail,sante_travail,250,Quel est le rôle du comité de sécurité et santé au travail ?,Le comité assiste et conseille l’employeur et les travailleurs dans l’élaboration et la mise en œuvre du programme annuel de sécurité et de santé au travail.,,
droit_travail,sante_travail,251,Quelles sont les obligations de formation pour les représentants du personnel au comité de sécurité ?,"Les représentants du personnel bénéficient, à la charge de l’employeur, d’une formation nécessaire à l’exercice de leurs missions. Cette formation est renouvelée après six ans d'exercice de leur mandat, qu'il soit consécutif ou non.",,
droit_travail,sante_travail,252,Que doit présenter l'employeur au comité de sécurité et santé au travail chaque année ?,"L'employeur doit présenter un rapport sur la sécurité et la santé au travail, y compris les dispositions adoptées et exécutées au cours de l'année écoulée, aux membres du comité et aux représentants des travailleurs.",,
droit_travail,sante_travail,253,"Comment sont fixées la composition, l’organisation et le fonctionnement du comité de sécurité ?","Ces éléments sont fixés par acte réglementaire conjoint des ministres chargés du travail et de la santé, après avis du comité technique national consultatif de sécurité et santé au travail.",,
droit_travail,sante_travail,254,Quelles entreprises doivent mettre en place un service de sécurité en milieu de travail ?,"L'employeur est tenu de mettre en place un service de sécurité dans les entreprises industrielles occupant au moins cinquante travailleurs, sous la responsabilité d'un personnel formé dans le domaine de la sécurité et santé au travail.",,
droit_travail,sante_travail,255,Quelle obligation a tout employeur installé au Burkina Faso concernant la couverture sanitaire de ses travailleurs ?,"Tout employeur doit assurer la couverture sanitaire de ses travailleurs, ce qui inclut l'affiliation à l'office de santé des travailleurs ou à toute autre structure agréée par le ministre chargé de la santé.",,
droit_travail,sante_travail,256,Quelle est la mission principale du service de santé au travail ?,"Le service de santé au travail est chargé de la prévention des risques en milieu de travail et de conseiller l’employeur, les travailleurs et leurs représentants sur l'établissement et le maintien d'un milieu de travail sûr et salubre.",,
droit_travail,sante_travail,257,Quelles sont les missions spécifiques du service de santé au travail ?,"Le service a plusieurs missions, y compris la protection des travailleurs contre les atteintes à la santé, la contribution à un milieu de travail sain, l'adaptation des postes de travail, la surveillance de la santé des travailleurs et l'éducation sanitaire.",,
droit_travail,sante_travail,258,Où doit être situé le service de santé au travail ?,"Le service de santé au travail doit être situé sur les lieux de travail ou à proximité. Il peut être organisé soit en service propre à une entreprise, soit en service commun à plusieurs entreprises.",,
droit_travail,sante_travail,259,Qui supporte les dépenses liées au service de santé au travail ?,"Les dépenses liées au service de santé au travail sont à la charge de l’employeur. Si le service est commun à plusieurs entreprises, les frais sont répartis proportionnellement au nombre de travailleurs.",,
droit_travail,sante_travail,260,Quelles informations l'employeur doit-il communiquer au service de santé au travail ?,"L'employeur doit informer le service de santé sur les machines, outils, procédés de fabrication, produits utilisés, caractéristiques des travailleurs et conditions de travail.",,
droit_travail,sante_travail,261,Quelles visites médicales l'employeur doit-il organiser pour ses travailleurs ?,"L'employeur doit organiser des visites médicales d'embauche, périodiques, de surveillance spéciale et de reprise de travail. Le temps pour ces visites est considéré comme du temps de travail effectif. Le dépistage du VIH ne doit pas être exigé lors de ces visites.",,
droit_travail,sante_travail,262,Qui fixe les modalités des visites et examens médicaux ?,"Les modalités et conditions de réalisation des visites médicales sont déterminées par acte réglementaire conjoint des ministres chargés du travail et de la santé, après avis du comité technique national consultatif de sécurité et santé au travail.",,
droit_travail,sante_travail,263,Que faire si le maintien d'un travailleur à son poste est déconseillé pour des raisons médicales ?,"Si le maintien à un poste est déconseillé, l'employeur doit chercher à affecter le travailleur à un autre poste compatible avec son état de santé. En cas d'impossibilité, le travailleur sera licencié avec paiement des droits après avis de l'inspecteur du travail.",,
droit_travail,sante_travail,264,Qui fixe l'organisation et le fonctionnement des services de santé au travail ?,"L'organisation, le fonctionnement et les moyens d'action des services de santé au travail sont fixés par acte réglementaire conjoint des ministres chargés du travail et de la santé, après avis du comité technique national consultatif de sécurité et santé au travail.",,
droit_travail,infractions,420,Quelles sont les conséquences pour un assesseur du tribunal du travail qui ne se présente pas à l’audience ?,"Tout assesseur qui ne se présente pas à l’audience est puni d’une amende civile de cinq mille francs CFA. En cas de récidive, l’amende est doublée, et le tribunal peut le déclarer incapable d’exercer à l’avenir ses fonctions. Le jugement est publié à ses frais. Les amendes sont prononcées par le tribunal du travail.",,
droit_travail,infractions,421,Quelles infractions sont punies d'une amende de cinq mille à cinquante mille francs CFA ?,"Sont punis d'une amende de cinq mille à cinquante mille francs CFA les auteurs d'infractions aux dispositions des articles spécifiés, ainsi que toute personne ayant recours à un contrat fictif ou à une carte de travail contenant des indications inexactes, et tout employeur omettant de faire la déclaration prévue à l'article 246. En cas de récidive, l’amende passe de cinquante à cent mille francs CFA.",,
droit_travail,infractions,422,Quelles sont les sanctions pour les auteurs d'infractions aux lois sur le travail ?,"Les auteurs peuvent être punis d’un emprisonnement de un mois à trois ans, d’une amende de cinquante mille à trois cent mille francs, et en cas de récidive, d’une amende de trois cent mille à six cent mille francs et d’un emprisonnement de deux mois à cinq ans.",,
droit_travail,infractions,422,Qui peut être puni pour avoir contraint un travailleur ?,Toute personne qui a contraint ou tenté de contraindre un travailleur à se faire embaucher ou qui a tenté de l'empêcher d'exécuter ses obligations contractuelles.,,
droit_travail,infractions,423,Quelle peine est encourue par un employeur qui détourne des sommes de cautionnement ?,L'employeur risque un emprisonnement de deux mois à deux ans et une amende de trois cent soixante mille à trois millions six cent mille francs.,,
droit_travail,infractions,424,Quelles sanctions sont prévues pour le trafic d'enfants ?,Les personnes impliquées dans le trafic d'enfants sont punies selon les peines définies par la loi relative à cette infraction.,,
droit_travail,infractions,421,Quelles infractions entraînent des amendes pour les violations des droits des travailleurs ?,"Les infractions aux dispositions relatives aux droits des travailleurs peuvent entraîner des amendes de cinq mille à cinquante mille francs, et en cas de récidive, des amendes de cinquante mille à cent mille francs.",,
droit_travail,infractions,425,Quelles conséquences peut-on encourir en cas d'infractions à la loi ?,Les dispositions relatives aux circonstances atténuantes et au sursis du code pénal s'appliquent à toutes les infractions prévues et réprimées.,,
droit_travail,infractions,426,Comment sont calculées les amendes en cas de plusieurs infractions ?,"Les amendes sont encourues autant de fois qu'il y a eu d'infractions, sans que le montant total ne dépasse cinquante fois les taux minima prévus.",,
droit_travail,infractions,427,Comment est déterminée la récidive pour les infractions ?,La récidive est constatée conformément aux dispositions de la législation en vigueur.,,
droit_travail,infractions,428,Qui est responsable si un préposé commet une infraction dans une entreprise ?,Les chefs d'entreprises sont civilement responsables des condamnations en paiement des dommages et intérêts prononcées contre leurs préposés ou fondés de pouvoir,,
procedure,,,Quelles sont les étapes pour porter plainte en justice au Burkina Faso ?,,,
procedure,,,Est-ce que le dépôt d'une plainte en justice est payant ?,,,
procedure,,,Quelles pièces dois-je fournir pour porter plainte en justice ?,,,
procedure,procedudure,,Quelle est la procédure pour porter plainte ?,,,
procedure,procedudure,,Quelle est la procédure pour demander une pièce de justice ?,,,
procedure,procedudure,,Quelles sont les étapes pour porter plainte en justice ?,,,
procedure,procedudure,,Comment puis-je obtenir une pièce de justice au Burkina Faso ?,,,
procedure,procedudure,,Quelles sont les étapes pour demander une décision de justice ?,,,
procedure,procedudure,,Combien coûte la demande d'une pièce de justice ?,,,
procedure,procedudure,,Comment puis-je modifier mon nom ou prénom au Burkina Faso ?,,,
procedure,procedudure,,Quelles sont les étapes pour corriger une erreur sur mon nom ou prénom ?,,,
procedure,procedudure,,Quel est le coût pour modifier mon nom ou prénom ?,,,
procedure,procedudure,,Comment faire un testament pour transférer mes biens à mes bénéficiaires ?,,,
procedure,procedudure,,Quels sont les critères pour rédiger un testament au Burkina Faso ?,,,
procedure,procedudure,,Dois-je fournir des documents pour établir un testament ?,,,
procedure,procedudure,,Quelles sont les étapes à suivre pour initier une succession après le décès d'une personne ?,,,
procedure,procedudure,,Quels sont les documents nécessaires pour rendre visite à un détenu ?,,,
procedure,procedudure,,Quelles sont les conditions d'accès pour visiter un détenu en prison ?,,,
procedure,procedudure,,Quelles sont les démarches à suivre pour obtenir un visa burkinabé ?,,,
procedure,procedudure,,Quelles sont les étapes pour faire une demande de visa burkinabé ?,,,
procedure,procedudure,,Quelle est la procédure pour acheter une arme à feu en tant que civil au Burkina Faso ?,,,
procedure,procedudure,,Quels documents sont requis pour obtenir une licence d'achat d'arme à feu au Burkina Faso ?,,,
procedure,procedudure,,Comment obtenir une Carte Nationale d'Identité Burkinabè (CNIB) ?,,,
procedure,procedudure,,Quelle est la procédure pour déposer un dossier de demande de passeport ordinaire au Burkina Faso ?,,,
procedure,procedudure,,Comment obtenir une Carte Nationale d'Identité Burkinabè (CNIB) ?,,,
procedure,procedudure,,Quels sont les documents requis pour faire une demande de CNIB au Burkina Faso ?,,,
procedure,procedudure,,Quelles sont les étapes à suivre pour obtenir une CNIB au Burkina Faso ?,,,
procedure,procedudure,,Comment se déroule la demande de Carte Nationale d'Identité Burkinabè (CNIB) ?,,,
procedure,procedudure,,Quel est le coût et quelles sont les conditions d'accès pour obtenir une CNIB au Burkina Faso ?,,,
procedure,procedudure,,Comment obtenir un passeport ordinaire au Burkina Faso ?,,,
procedure,procedudure,,Quelles sont les démarches pour l'obtention d'un passeport ordinaire au Burkina Faso ?,,,
procedure,procedudure,,Quels documents sont nécessaires pour faire une demande de passeport ordinaire burkinabè ?,,,
procedure,procedudure,,Quelle est la procédure pour déposer un dossier de demande de passeport ordinaire au Burkina Faso ?,,,
procedure,procedudure,,Quels sont les frais et conditions pour obtenir un passeport ordinaire au Burkina Faso ?,,,
procedure,procedudure,,Quelles sont les démarches pour créer une entreprise en tant que personne physique au Burkina Faso ?,,,
procedure,procedudure,,Quels sont les documents requis pour la création d'une entreprise individuelle au Burkina Faso ?,,,
procedure,procedudure,,Quelle est la procédure pour enregistrer une entreprise en tant que personne physique au Burkina Faso ?,,,
procedure,procedudure,,Comment créer une entreprise en tant que personne morale au Burkina Faso ?,,,
procedure,procedudure,,Quelle est la procédure pour s'inscrire aux examens du permis de conduire national au Burkina Faso ?,,,
procedure,procedudure,,Comment postuler pour les examens du permis de conduire au Burkina Faso ?,,,
procedure,procedudure,,Comment obtenir un certificat de nationalité burkinabè ?,,,
procedure,procedudure,,Quels documents sont nécessaires pour faire une demande de certificat de nationalité burkinabè ?,,,
procedure,procedudure,,Quelles sont les étapes pour célébrer un mariage à l'état civil ?,,,
procedure,procedudure,,Comment puis-je obtenir un extrait de casier judiciaire ?,,,
procedure,procedudure,,Quelle est la procédure pour demander un extrait de casier judiciaire ?,,,
procedure,procedudure,,Comment obtenir un livret de famille au Burkina Faso ?,,,
procedure,procedudure,,Quelle est la procédure pour demander un livret de famille ?,,,
procedure,procedudure,,Quelle est la procédure pour demander un extrait d'acte de mariage ?,,,
procedure,procedudure,,Comment obtenir un extrait d'acte de naissance au Burkina Faso ?,,,
procedure,procedudure,,Comment obtenir un certificat de reconnaissance d’enfant à naître au Burkina Faso ?,,,
procedure,procedudure,,Comment faire une déclaration de naissance au Burkina Faso ?,,,
procedure,procedudure,,Comment obtenir un certificat de non-séparation de corps au Burkina Faso ?,,,
procedure,procedudure,,Quelle est la procédure pour demander un certificat de non-séparation de corps ?,,,
procedure,procedudure,,Quelles sont les étapes à suivre pour faire une demande de certificat de vie et d’entretien ?,,,
procedure,procedudure,,Quels documents sont nécessaires pour obtenir un certificat de vie pour un adulte ?,,,
procedure,procedudure,,Comment faire une déclaration de décès au Burkina Faso ?,,,
procedure,procedudure,,Quelle est la procédure pour obtenir une copie intégrale d’acte de décès ?,,,
procedure,procedudure,,Comment obtenir une autorisation d’inhumer à domicile au Burkina Faso ?,,,
procedure,procedudure,,Quelle est la procédure pour demander une autorisation d’inhumer un défunt à domicile ?,,,
procedure,procedudure,,Quelles sont les étapes à suivre pour faire une demande de certificat de non inscription ?,,,
procedure,procedudure,,Comment prouver qu’un événement n’est pas enregistré dans les registres de l’état ?,,,
procedure,procedudure,,Comment autoriser quelqu'un à agir en mon nom avec un certificat de vie et de procuration ?,,,
procedure,procedudure,,Comment faire légaliser ou certifier un document au Burkina Faso ?,,,
procedure,procedudure,,Comment prouver la légalité ou l'authenticité d'un document ?,,,
procedure,procedudure,,Quelles sont les étapes à suivre pour faire une demande d'autorisation d'ouverture de débit de boissons ?,,,
procedure,procedudure,,Quelles sont les conditions pour ouvrir un débit de boissons ?,,,
procedure,procedudure,,Quels documents sont nécessaires pour obtenir une autorisation d'occupation des salles de classe ?,,,
procedure,procedudure,,Comment demander une prise en charge psychologique au Burkina Faso ?,,,
procedure,procedudure,,Quelles sont les conditions pour bénéficier d'une prise en charge psychologique ?,,,
procedure,procedudure,,Quel est le coût d'un certificat de résidence à Ouagadougou ?,,,
procedure,procedudure,,Quels sont les documents nécessaires pour obtenir un terrain à usage commercial ou industriel ?,,,
procedure,procedudure,,Quelles sont les étapes pour soumettre une demande de terrain à usage autre que d'habitation ?,,,
procedure,procedudure,,Quelle est la procédure pour faire une demande d'occupation temporaire du domaine public ?,,,
procedure,procedudure,,Quels documents sont requis pour demander une autorisation d'occupation du domaine public ?,,,
procedure,procedudure,,Comment obtenir une autorisation d'occupation d'un espace vert au Burkina Faso ?,,,
procedure,procedudure,,Quelle est la procédure pour faire une demande d'occupation d'un espace vert ?,,,
procedure,procedudure,,Quels documents sont requis pour obtenir une autorisation d'occupation d'un espace vert ?,,,
procedure,procedudure,,Quelles sont les étapes à suivre pour faire une demande d'occupation d'un espace vert ?,,,
procedure,procedudure,,Quel est le coût d'une autorisation d'occupation d'un espace vert ?,,,
